go.mod	3266	11e237bcba63b4102aaaad567d5048e8db0898919a7b7c81d818962e6b59ae03
cmd/layersentry-controller/main.go	19427	1781fcb43591062e5dabba649143bd4a9e6283a6bc719a3f022fc0386a54df00
cmd/layersentry-controller/main_test.go	4316	2dc6d43731f0e6991164e89705dafb87e4d10451d3f52dc8f7c9bb7a309aaf08
package/layersentry-controller/Dockerfile	1327	752d18cd176d9191031c516895716042e0107c49dc909e2111892d216df58816
package/layersentry-controller/README.md	1507	75bad7dca33165b4fba7e04529f9726b23eacf95c5fab6508f8cf7fc4f6b4196
scripts/build-layersentry-controller	20496	b543cdb1fd4dd41a5f3cd9e4b0eef9567f7b3152a89b2b0257b092c3788a01cd
scripts/default	1182	a2f993330cda9f37876be26613bb99ca9e680c184edc3478dcaa6461249b76e0
scripts/images/harvester-additional-images.txt	171	7cb974c77745a4662483e486450707341139e1052b886c5e1f426fd01420beb0
scripts/provenance/review_controller_image.py	15638	a054e73e5649654aa56225c375895248a9942d015ab40945641c2eb7da27d966
scripts/provenance/verify_controller_binding.py	15779	15bb458892ee6b5643f8dc4cbd01d670b75f70bc2d9897e08d514fa4e10a2a89
tests/test_controller_image_lock.py	7100	0dcd39c6a7b6e420ef0abadcc5d1928d33179d9ccee5c5be72d82e365f2f5719
.github/workflows/layersentry-v1.0-controller-lock.yml	11278	02b9c9673984549ee4e75f66819d3c3edd371c5f34db4eacd53cd5f7f9e9d2a8
