package/harvester-repo/Dockerfile	817	aaac28bd7695de4585e47f18d635f288e372040111902e1f673b2c8cfd5c3bfa
package/harvester-installer/Dockerfile	129	f320724747aadb87c5b489e55b61ec5ba1f50455dc80e9811720993e96da967d
package/harvester-os/Dockerfile	1576	1787b653607912b93cc5238542476e470b0da939727a0d63cffafd4438e14980
scripts/build	5187	496da529177a65ba0166a4a75e33029d2aab9001ee7deb17bd27d82d27e8eb1f
scripts/build-bundle	15222	158fdeb46b80325ffeab06a7e2e439df22e94083b5b3854931e2c8812e891e1b
scripts/default	1182	a2f993330cda9f37876be26613bb99ca9e680c184edc3478dcaa6461249b76e0
scripts/package-harvester-repo	4987	0677a81bc58d1db2294674ef46a211f3ee0d9b381ef3497e8abe14f2024326b5
scripts/package-harvester-installer	573	b64c2076a298728c24204984cc2a2d2c6478f3daaf95440cf06296244d56a529
scripts/package-harvester-os	10352	e9a6180c80e1339513f285f86844cc4cfa5e089ba50ef4916da9cf96b2f54794
scripts/lib/image	4050	38e73c12b93a353d8f59e4ee5f6ac55696ef1d41f926082ca416f0bb63871c39
scripts/provenance/collect_offline_image_set_evidence.sh	13186	915251315452f59676f2c88e9ae26f2db56eacca7d57b0e6ef9d90b297734515
scripts/provenance/review_offline_image_set.py	18343	4c5af92f4ee152cf7885bd157b6f3ea8f82b93350bca9bbb13af70e3b9967cfa
scripts/provenance/verify_offline_image_set_binding.py	14837	2c55b4fd6d28cf1ef9fe5a6ecfb8fb619f4475f19018877791f09e252b8ba068
scripts/provenance/prepare_finalizer_iso_evidence.sh	10181	3878be0413c77b7a495d6c0f5882c4f52cb6c9c89571572dfeab473cea929200
tests/test_offline_image_set_lock.py	7935	9bea708ac6d438b6ea1d92d7c285712aecad5706a9b697869a8827c19d1dc005
.github/workflows/layersentry-v1.0-offline-image-set-lock.yml	21497	3c58ca1b818cb3942d7a31f19be757d1ea23dfe2b2ae1f307c2e0f4013209a56
