name	epoch	version	release	arch	vendor	build_time
aaa_base	0	84.87+git20180409.04c9dae	150300.10.28.2	x86_64	SUSE LLC <https://www.suse.com/>	1743160873
apparmor-parser	0	3.1.7	150600.5.15.1	x86_64	SUSE LLC <https://www.suse.com/>	1779280345
bash	0	4.4	150400.27.6.1	x86_64	SUSE LLC <https://www.suse.com/>	1760366854
bash-sh	0	4.4	150400.27.6.1	x86_64	SUSE LLC <https://www.suse.com/>	1760366854
binutils	0	2.45	150100.7.57.1	x86_64	SUSE LLC <https://www.suse.com/>	1762188641
boost-license1_66_0	0	1.66.0	150200.12.7.1	noarch	SUSE LLC <https://www.suse.com/>	1753185590
branding-SLE	0	15	150700.48.2	noarch	SUSE LLC <https://www.suse.com/>	1740518939
ca-certificates	0	2+git20240416.98ae794	150300.4.3.3	noarch	SUSE LLC <https://www.suse.com/>	1713366010
ca-certificates-mozilla	0	2.84	150200.44.1	noarch	SUSE LLC <https://www.suse.com/>	1771326358
catatonit	0	0.2.0	150500.3.3.1	x86_64	SUSE LLC <https://www.suse.com/>	1712833135
containerd	0	1.7.29	150000.146.1	x86_64	SUSE LLC <https://www.suse.com/>	1787326974
coreutils	0	8.32	150400.9.12.1	x86_64	SUSE LLC <https://www.suse.com/>	1779869430
cpio	0	2.13	150400.3.6.1	x86_64	SUSE LLC <https://www.suse.com/>	1706542012
cpp	0	7	3.9.1	x86_64	SUSE LLC <https://www.suse.com/>	1629704708
cpp7	0	7.5.0+r278197	150000.4.44.1	x86_64	SUSE LLC <https://www.suse.com/>	1737800896
cracklib	0	2.9.11	150600.1.90	x86_64	SUSE LLC <https://www.suse.com/>	1715243463
cracklib-dict-small	0	2.9.11	150600.1.90	x86_64	SUSE LLC <https://www.suse.com/>	1715243463
crypto-policies	0	20230920.570ea89	150600.3.16.1	noarch	SUSE LLC <https://www.suse.com/>	1774366285
curl	0	8.14.1	150700.7.23.1	x86_64	SUSE LLC <https://www.suse.com/>	1787161002
dbus-1	0	1.12.2	150400.18.8.1	x86_64	SUSE LLC <https://www.suse.com/>	1687256818
device-mapper	0	2.03.24_1.02.198	150700.7.6.1	x86_64	SUSE LLC <https://www.suse.com/>	1770716470
diffutils	0	3.6	4.3.1	x86_64	SUSE LLC <https://www.suse.com/>	1594201579
docker	0	29.4.0_ce	150000.259.1	x86_64	SUSE LLC <https://www.suse.com/>	1787328989
docker-buildx	0	0.33.0	150000.259.1	x86_64	SUSE LLC <https://www.suse.com/>	1787328989
dosfstools	0	4.1	3.6.1	x86_64	SUSE LLC <https://www.suse.com/>	1640321519
file	0	5.32	7.14.1	x86_64	SUSE LLC <https://www.suse.com/>	1631196222
file-magic	0	5.32	7.14.1	noarch	SUSE LLC <https://www.suse.com/>	1631196222
filesystem	0	15.0	11.8.1	x86_64	SUSE LLC <https://www.suse.com/>	1647344147
fillup	0	1.42	2.18	x86_64	SUSE LLC <https://www.suse.com/>	1527272182
findutils	0	4.10.0	150700.2.6	x86_64	SUSE LLC <https://www.suse.com/>	1746193000
gawk	0	4.2.1	150000.3.6.1	x86_64	SUSE LLC <https://www.suse.com/>	1784646682
gcc	0	7	3.9.1	x86_64	SUSE LLC <https://www.suse.com/>	1629704708
gcc7	0	7.5.0+r278197	150000.4.44.1	x86_64	SUSE LLC <https://www.suse.com/>	1737800896
gio-branding-SLE	0	15	150600.35.2.1	noarch	SUSE LLC <https://www.suse.com/>	1717510693
git	0	2.51.0	150600.3.15.1	x86_64	SUSE LLC <https://www.suse.com/>	1768219153
git-core	0	2.51.0	150600.3.15.1	x86_64	SUSE LLC <https://www.suse.com/>	1768219153
glib2-tools	0	2.78.6	150600.4.38.1	x86_64	SUSE LLC <https://www.suse.com/>	1784633992
glibc	0	2.38	150600.14.52.1	x86_64	SUSE LLC <https://www.suse.com/>	1782464143
glibc-devel	0	2.38	150600.14.52.1	x86_64	SUSE LLC <https://www.suse.com/>	1782464143
glibc-locale-base	0	2.38	150600.14.52.1	x86_64	SUSE LLC <https://www.suse.com/>	1782464143
go1.26	0	1.26.7	150000.1.27.1	x86_64	SUSE LLC <https://www.suse.com/>	1787238223
go1.26-doc	0	1.26.7	150000.1.27.1	x86_64	SUSE LLC <https://www.suse.com/>	1787238223
go1.26-race	0	1.26.7	150000.1.27.1	x86_64	SUSE LLC <https://www.suse.com/>	1787238223
gpg-pubkey	0	09d9ea69	68595a8c	(none)	(none)	1750686348
gpg-pubkey	0	39db7c82	66c5d91a	(none)	(none)	1724242202
gpg-pubkey	0	3fa1d6ce	67c856ee	(none)	(none)	1741182702
gpg-pubkey	0	50a3dd1c	50f35137	(none)	(none)	1358123319
gpg-pubkey	0	73f03759	626bd414	(none)	(none)	1651233812
gpg-pubkey	0	d588dc46	63c939db	(none)	(none)	1674131931
gpg2	0	2.4.4	150600.3.18.1	x86_64	SUSE LLC <https://www.suse.com/>	1784204673
grep	0	3.11	150700.1.8	x86_64	SUSE LLC <https://www.suse.com/>	1746195152
gzip	0	1.10	150200.16.1	x86_64	SUSE LLC <https://www.suse.com/>	1785243178
info	0	6.5	4.17	x86_64	SUSE LLC <https://www.suse.com/>	1527268091
iproute2	0	6.4	150600.7.15.1	x86_64	SUSE LLC <https://www.suse.com/>	1780558925
iptables	0	1.8.7	1.1	x86_64	SUSE LLC <https://www.suse.com/>	1617957150
jq	0	1.6	150000.3.20.1	x86_64	SUSE LLC <https://www.suse.com/>	1783012366
kbd	0	2.4.0	150700.15.6.1	x86_64	SUSE LLC <https://www.suse.com/>	1756813969
kmod	0	29	150600.13.6.1	x86_64	SUSE LLC <https://www.suse.com/>	1782316089
krb5	0	1.20.1	150600.11.19.1	x86_64	SUSE LLC <https://www.suse.com/>	1782742270
kubic-locale-archive	0	2.38	150600.18.3	noarch	SUSE LLC <https://www.suse.com/>	1709923174
less	0	643	150600.3.3.1	x86_64	SUSE LLC <https://www.suse.com/>	1718185063
libacl1	0	2.2.52	4.3.1	x86_64	SUSE LLC <https://www.suse.com/>	1540303077
libaio1	0	0.3.113	150600.15.3.1	x86_64	SUSE LLC <https://www.suse.com/>	1757690640
libapparmor1	0	3.1.7	150600.5.15.1	x86_64	SUSE LLC <https://www.suse.com/>	1779279904
libasan4	0	7.5.0+r278197	150000.4.44.1	x86_64	SUSE LLC <https://www.suse.com/>	1737800896
libassuan0	0	2.5.5	150000.4.7.1	x86_64	SUSE LLC <https://www.suse.com/>	1722584808
libatomic1	0	15.3.0+git11272	150000.1.12.1	x86_64	SUSE LLC <https://www.suse.com/>	1781599475
libattr1	0	2.4.47	2.19	x86_64	SUSE LLC <https://www.suse.com/>	1527268006
libaudit1	0	3.0.6	150400.4.16.1	x86_64	SUSE LLC <https://www.suse.com/>	1707237471
libaugeas0	0	1.14.1	150600.3.3.1	x86_64	SUSE LLC <https://www.suse.com/>	1745485086
libblkid1	0	2.40.4	150700.4.18.1	x86_64	SUSE LLC <https://www.suse.com/>	1787159150
libboost_system1_66_0	0	1.66.0	150200.12.7.1	x86_64	SUSE LLC <https://www.suse.com/>	1753185590
libboost_thread1_66_0	0	1.66.0	150200.12.7.1	x86_64	SUSE LLC <https://www.suse.com/>	1753185590
libbpf1	0	1.5.0	150700.1.3	x86_64	SUSE LLC <https://www.suse.com/>	1745850398
libbrotlicommon1	0	1.0.7	150200.3.5.1	x86_64	SUSE LLC <https://www.suse.com/>	1753344426
libbrotlidec1	0	1.0.7	150200.3.5.1	x86_64	SUSE LLC <https://www.suse.com/>	1753344426
libburn4	0	1.5.6	150600.1.6	x86_64	SUSE LLC <https://www.suse.com/>	1715244726
libbz2-1	0	1.0.8	150400.1.122	x86_64	SUSE LLC <https://www.suse.com/>	1651957955
libcap-ng0	0	0.7.9	4.37	x86_64	SUSE LLC <https://www.suse.com/>	1557021735
libcap2	0	2.63	150400.3.6.1	x86_64	SUSE LLC <https://www.suse.com/>	1775836678
libcares2	0	1.19.1	150000.3.26.1	x86_64	SUSE LLC <https://www.suse.com/>	1708958784
libcilkrts5	0	7.5.0+r278197	150000.4.44.1	x86_64	SUSE LLC <https://www.suse.com/>	1737800896
libcom_err2	0	1.47.0	150600.4.6.2	x86_64	SUSE LLC <https://www.suse.com/>	1727360019
libcrack2	0	2.9.11	150600.1.90	x86_64	SUSE LLC <https://www.suse.com/>	1715243463
libcrypt1	0	4.4.15	150300.4.7.1	x86_64	SUSE LLC <https://www.suse.com/>	1702378672
libcryptsetup12	0	2.8.4	150700.6.4.4	x86_64	SUSE LLC <https://www.suse.com/>	1783074855
libctf-nobfd0	0	2.45	150100.7.57.1	x86_64	SUSE LLC <https://www.suse.com/>	1762188641
libctf0	0	2.45	150100.7.57.1	x86_64	SUSE LLC <https://www.suse.com/>	1762188641
libcurl4	0	8.14.1	150700.7.23.1	x86_64	SUSE LLC <https://www.suse.com/>	1787161002
libdbus-1-3	0	1.12.2	150400.18.8.1	x86_64	SUSE LLC <https://www.suse.com/>	1687256818
libdevmapper-event1_03	0	2.03.24_1.02.198	150700.7.6.1	x86_64	SUSE LLC <https://www.suse.com/>	1770716470
libdevmapper1_03	0	2.03.24_1.02.198	150700.7.6.1	x86_64	SUSE LLC <https://www.suse.com/>	1770716470
libduktape206	0	2.6.0	150500.4.5.1	x86_64	SUSE LLC <https://www.suse.com/>	1706955139
libdw1	0	0.185	150400.5.8.3	x86_64	SUSE LLC <https://www.suse.com/>	1761934788
libeconf0	0	0.5.2	150400.3.6.1	x86_64	SUSE LLC <https://www.suse.com/>	1694100696
libelf1	0	0.185	150400.5.8.3	x86_64	SUSE LLC <https://www.suse.com/>	1761934788
libexpat1	0	2.7.1	150700.3.12.1	x86_64	SUSE LLC <https://www.suse.com/>	1774600186
libfa1	0	1.14.1	150600.3.3.1	x86_64	SUSE LLC <https://www.suse.com/>	1745485086
libfdisk1	0	2.40.4	150700.4.18.1	x86_64	SUSE LLC <https://www.suse.com/>	1787159150
libffi7	0	3.2.1.git259	10.8	x86_64	SUSE LLC <https://www.suse.com/>	1591405058
libgcc_s1	0	15.3.0+git11272	150000.1.12.1	x86_64	SUSE LLC <https://www.suse.com/>	1781599475
libgcrypt20	0	1.11.0	150700.5.10.1	x86_64	SUSE LLC <https://www.suse.com/>	1784045689
libgdbm4	0	1.12	1.418	x86_64	SUSE LLC <https://www.suse.com/>	1527268027
libgio-2_0-0	0	2.78.6	150600.4.38.1	x86_64	SUSE LLC <https://www.suse.com/>	1784633992
libglib-2_0-0	0	2.78.6	150600.4.38.1	x86_64	SUSE LLC <https://www.suse.com/>	1784633992
libgmodule-2_0-0	0	2.78.6	150600.4.38.1	x86_64	SUSE LLC <https://www.suse.com/>	1784633992
libgmp10	0	6.1.2	4.9.1	x86_64	SUSE LLC <https://www.suse.com/>	1637239981
libgobject-2_0-0	0	2.78.6	150600.4.38.1	x86_64	SUSE LLC <https://www.suse.com/>	1784633992
libgomp1	0	15.3.0+git11272	150000.1.12.1	x86_64	SUSE LLC <https://www.suse.com/>	1781599475
libgpg-error0	0	1.50	150700.1.8	x86_64	SUSE LLC <https://www.suse.com/>	1746194817
libgpgme11	0	1.23.0	150600.3.5.1	x86_64	SUSE LLC <https://www.suse.com/>	1763379023
libidn2-0	0	2.2.0	3.6.1	x86_64	SUSE LLC <https://www.suse.com/>	1608648023
libip4tc2	0	1.8.7	1.1	x86_64	SUSE LLC <https://www.suse.com/>	1617957150
libip6tc2	0	1.8.7	1.1	x86_64	SUSE LLC <https://www.suse.com/>	1617957150
libisl15	0	0.18	1.443	x86_64	SUSE LLC <https://www.suse.com/>	1527268044
libisoburn1	0	1.5.6	150600.1.6	x86_64	SUSE LLC <https://www.suse.com/>	1715244855
libisofs6	0	1.5.6	150600.1.5	x86_64	SUSE LLC <https://www.suse.com/>	1709922685
libitm1	0	15.3.0+git11272	150000.1.12.1	x86_64	SUSE LLC <https://www.suse.com/>	1781599475
libjitterentropy3	0	3.4.1	150000.1.12.1	x86_64	SUSE LLC <https://www.suse.com/>	1717429826
libjq1	0	1.6	150000.3.20.1	x86_64	SUSE LLC <https://www.suse.com/>	1783012366
libjson-c5	0	0.16	150600.1.4	x86_64	SUSE LLC <https://www.suse.com/>	1710777442
libkeyutils1	0	1.6.3	5.6.1	x86_64	SUSE LLC <https://www.suse.com/>	1637661177
libkmod2	0	29	150600.13.6.1	x86_64	SUSE LLC <https://www.suse.com/>	1782316089
libksba8	0	1.6.4	150600.1.2	x86_64	SUSE LLC <https://www.suse.com/>	1709922785
libldap-2_4-2	0	2.4.46	150600.25.3.1	x86_64	SUSE LLC <https://www.suse.com/>	1772574582
libldap-data	0	2.4.46	150600.25.3.1	noarch	SUSE LLC <https://www.suse.com/>	1772574582
liblsan0	0	15.3.0+git11272	150000.1.12.1	x86_64	SUSE LLC <https://www.suse.com/>	1781599475
liblua5_3-5	0	5.3.6	3.6.1	x86_64	SUSE LLC <https://www.suse.com/>	1623396425
liblz4-1	0	1.9.4	150600.1.4	x86_64	SUSE LLC <https://www.suse.com/>	1715244718
liblzma5	0	5.4.1	150600.3.6.1	x86_64	SUSE LLC <https://www.suse.com/>	1779174877
liblzo2-2	0	2.10	2.22	x86_64	SUSE LLC <https://www.suse.com/>	1527272052
libmagic1	0	5.32	7.14.1	x86_64	SUSE LLC <https://www.suse.com/>	1631196222
libmetalink3	0	0.1.3	150000.3.2.1	x86_64	SUSE LLC <https://www.suse.com/>	1707228200
libmnl0	0	1.0.4	1.25	x86_64	SUSE LLC <https://www.suse.com/>	1527271951
libmount1	0	2.40.4	150700.4.18.1	x86_64	SUSE LLC <https://www.suse.com/>	1787159150
libmpc3	0	1.1.0	1.47	x86_64	SUSE LLC <https://www.suse.com/>	1527268006
libmpfr6	0	4.0.2	3.3.1	x86_64	SUSE LLC <https://www.suse.com/>	1618404772
libmpx2	0	8.2.1+r264010	150000.1.6.4	x86_64	SUSE LLC <https://www.suse.com/>	1652111443
libmpxwrappers2	0	8.2.1+r264010	150000.1.6.4	x86_64	SUSE LLC <https://www.suse.com/>	1652111443
libncurses6	0	6.1	150000.5.33.1	x86_64	SUSE LLC <https://www.suse.com/>	1776346499
libnetfilter_conntrack3	0	1.0.7	1.38	x86_64	SUSE LLC <https://www.suse.com/>	1591404822
libnfnetlink0	0	1.0.1	2.11	x86_64	SUSE LLC <https://www.suse.com/>	1527272041
libnftnl11	0	1.2.0	150400.1.6	x86_64	SUSE LLC <https://www.suse.com/>	1651958326
libnghttp2-14	0	1.64.0	150700.3.3.1	x86_64	SUSE LLC <https://www.suse.com/>	1774005489
libnpth0	0	1.5	2.11	x86_64	SUSE LLC <https://www.suse.com/>	1527271946
libnsl2	0	1.2.0	2.44	x86_64	SUSE LLC <https://www.suse.com/>	1527267985
libonig4	0	6.7.0	150000.3.6.1	x86_64	SUSE LLC <https://www.suse.com/>	1720535739
libopenssl-3-fips-provider	0	3.2.3	150700.5.40.1	x86_64	SUSE LLC <https://www.suse.com/>	1785159635
libopenssl1_1	0	1.1.1w	150700.11.25.2	x86_64	SUSE LLC <https://www.suse.com/>	1785154731
libopenssl3	0	3.2.3	150700.5.40.1	x86_64	SUSE LLC <https://www.suse.com/>	1785159635
libp11-kit0	0	0.23.22	150500.8.3.1	x86_64	SUSE LLC <https://www.suse.com/>	1698315047
libpcre2-8-0	0	10.42	150600.1.26	x86_64	SUSE LLC <https://www.suse.com/>	1715243550
libpopt0	0	1.16	3.22	x86_64	SUSE LLC <https://www.suse.com/>	1527268038
libprocps8	0	3.3.17	150000.7.42.1	x86_64	SUSE LLC <https://www.suse.com/>	1740149952
libproxy1	0	0.5.3	150600.4.6.2	x86_64	SUSE LLC <https://www.suse.com/>	1736944244
libpsl5	0	0.20.1	150000.3.3.1	x86_64	SUSE LLC <https://www.suse.com/>	1651118240
libpxbackend-1_0	0	0.5.3	150600.4.6.2	x86_64	SUSE LLC <https://www.suse.com/>	1736944249
libpython3_11-1_0	0	3.11.15	150600.3.65.1	x86_64	SUSE LLC <https://www.suse.com/>	1786956463
libpython3_6m1_0	0	3.6.15	150300.10.118.1	x86_64	SUSE LLC <https://www.suse.com/>	1777461650
libreadline7	0	7.0	150400.27.6.1	x86_64	SUSE LLC <https://www.suse.com/>	1760366854
libsasl2-3	0	2.1.28	150600.7.14.1	x86_64	SUSE LLC <https://www.suse.com/>	1762851237
libseccomp2	0	2.5.3	150400.2.4	x86_64	SUSE LLC <https://www.suse.com/>	1651959900
libselinux1	0	3.5	150600.3.3.1	x86_64	SUSE LLC <https://www.suse.com/>	1760936281
libsemanage-conf	0	3.5	150600.1.48	x86_64	SUSE LLC <https://www.suse.com/>	1709918338
libsemanage2	0	3.5	150600.1.48	x86_64	SUSE LLC <https://www.suse.com/>	1709918338
libsepol2	0	3.5	150600.1.49	x86_64	SUSE LLC <https://www.suse.com/>	1715243461
libsha1detectcoll1	0	1.0.3	2.18	x86_64	SUSE LLC <https://www.suse.com/>	1527272007
libsigc-2_0-0	0	2.12.1	150600.1.2	x86_64	SUSE LLC <https://www.suse.com/>	1709927571
libsmartcols1	0	2.40.4	150700.4.18.1	x86_64	SUSE LLC <https://www.suse.com/>	1787159150
libsolv-tools-base	0	0.7.39	150700.11.10.1	x86_64	SUSE LLC <https://www.suse.com/>	1780471316
libsqlite3-0	0	3.53.2	150000.3.42.1	x86_64	SUSE LLC <https://www.suse.com/>	1781105431
libssh-config	0	0.9.8	150600.11.15.1	x86_64	SUSE LLC <https://www.suse.com/>	1784813799
libssh4	0	0.9.8	150600.11.15.1	x86_64	SUSE LLC <https://www.suse.com/>	1784813799
libstdc++6	0	15.3.0+git11272	150000.1.12.1	x86_64	SUSE LLC <https://www.suse.com/>	1781599475
libsubid5	0	4.17.2	150600.17.21.1	x86_64	SUSE LLC <https://www.suse.com/>	1784117751
libsystemd0	0	254.27	150600.4.71.2	x86_64	SUSE LLC <https://www.suse.com/>	1783108570
libtasn1	0	4.13	150000.4.14.1	x86_64	SUSE LLC <https://www.suse.com/>	1767968916
libtasn1-6	0	4.13	150000.4.14.1	x86_64	SUSE LLC <https://www.suse.com/>	1767968916
libtirpc-netconfig	0	1.3.4	150300.3.23.1	x86_64	SUSE LLC <https://www.suse.com/>	1699960365
libtirpc3	0	1.3.4	150300.3.23.1	x86_64	SUSE LLC <https://www.suse.com/>	1699960365
libtsan0	0	11.3.0+git1637	150000.1.11.2	x86_64	SUSE LLC <https://www.suse.com/>	1662199775
libubsan0	0	7.5.0+r278197	150000.4.44.1	x86_64	SUSE LLC <https://www.suse.com/>	1737800896
libudev1	0	254.27	150600.4.71.2	x86_64	SUSE LLC <https://www.suse.com/>	1783108570
libunistring2	0	0.9.10	1.1	x86_64	SUSE LLC <https://www.suse.com/>	1617289477
libusb-1_0-0	0	1.0.24	150400.3.3.1	x86_64	SUSE LLC <https://www.suse.com/>	1665460155
libutempter0	0	1.1.6	3.42	x86_64	SUSE LLC <https://www.suse.com/>	1527267980
libuuid1	0	2.40.4	150700.4.18.1	x86_64	SUSE LLC <https://www.suse.com/>	1787159150
libverto1	0	0.2.6	3.20	x86_64	SUSE LLC <https://www.suse.com/>	1527267987
libxcrypt-devel	0	4.4.15	150300.4.7.1	x86_64	SUSE LLC <https://www.suse.com/>	1702378672
libxml2-2	0	2.12.10	150700.4.14.1	x86_64	SUSE LLC <https://www.suse.com/>	1783933170
libxtables12	0	1.8.7	1.1	x86_64	SUSE LLC <https://www.suse.com/>	1617957150
libyaml-cpp0_6	0	0.6.3	150400.4.3.1	x86_64	SUSE LLC <https://www.suse.com/>	1658494276
libz1	0	1.2.13	150500.4.6.1	x86_64	SUSE LLC <https://www.suse.com/>	1771924535
libzck1	0	1.5.1	150700.1.2	x86_64	SUSE LLC <https://www.suse.com/>	1745852480
libzio1	0	1.06	2.20	x86_64	SUSE LLC <https://www.suse.com/>	1527267988
libzstd1	0	1.5.7	150700.1.2	x86_64	SUSE LLC <https://www.suse.com/>	1745850889
libzypp	0	17.38.13	150700.6.13.1	x86_64	SUSE LLC <https://www.suse.com/>	1781519155
lifecycle-data-sle-module-development-tools	0	1	150200.3.39.1	noarch	SUSE LLC <https://www.suse.com/>	1778511169
linux-glibc-devel	0	6.4	150700.7.1	x86_64	SUSE LLC <https://www.suse.com/>	1738704637
login_defs	0	4.17.2	150600.17.21.1	noarch	SUSE LLC <https://www.suse.com/>	1784117751
make	0	4.2.1	7.3.2	x86_64	SUSE LLC <https://www.suse.com/>	1535128276
mtools	0	4.0.43	150600.1.6	x86_64	SUSE LLC <https://www.suse.com/>	1715265069
ncurses-utils	0	6.1	150000.5.33.1	x86_64	SUSE LLC <https://www.suse.com/>	1776346499
netcfg	0	11.6	150000.3.6.1	noarch	SUSE LLC <https://www.suse.com/>	1705300763
openssl	0	3.2.3	150700.1.1	noarch	SUSE LLC <https://www.suse.com/>	1731708800
openssl-3	0	3.2.3	150700.5.40.1	x86_64	SUSE LLC <https://www.suse.com/>	1785159635
p11-kit	0	0.23.22	150500.8.3.1	x86_64	SUSE LLC <https://www.suse.com/>	1698315047
p11-kit-tools	0	0.23.22	150500.8.3.1	x86_64	SUSE LLC <https://www.suse.com/>	1698315047
pam	0	1.3.0	150000.6.89.1	x86_64	SUSE LLC <https://www.suse.com/>	1783931878
pam-config	0	1.1	150600.16.8.1	x86_64	SUSE LLC <https://www.suse.com/>	1750072174
patch	0	2.7.6	150000.5.12.1	x86_64	SUSE LLC <https://www.suse.com/>	1783684159
patterns-base-fips	0	20200124	150700.36.1	x86_64	SUSE LLC <https://www.suse.com/>	1744412139
patterns-base-minimal_base	0	20200124	150700.36.1	x86_64	SUSE LLC <https://www.suse.com/>	1744412139
perl	0	5.26.1	150300.17.23.1	x86_64	SUSE LLC <https://www.suse.com/>	1785942148
perl-Error	0	0.17025	1.20	noarch	SUSE LLC <https://www.suse.com/>	1527272373
perl-Git	0	2.51.0	150600.3.15.1	x86_64	SUSE LLC <https://www.suse.com/>	1768219153
perl-base	0	5.26.1	150300.17.23.1	x86_64	SUSE LLC <https://www.suse.com/>	1785942148
permissions	0	20240826	150700.14.4	x86_64	SUSE LLC <https://www.suse.com/>	1746198857
pinentry	0	1.1.0	4.3.1	x86_64	SUSE LLC <https://www.suse.com/>	1564577282
pkg-config	0	0.29.2	150600.15.6.3	x86_64	SUSE LLC <https://www.suse.com/>	1741766231
procps	0	3.3.17	150000.7.42.1	x86_64	SUSE LLC <https://www.suse.com/>	1740149952
python3	0	3.6.15	150300.10.118.1	x86_64	SUSE LLC <https://www.suse.com/>	1777461700
python3-base	0	3.6.15	150300.10.118.1	x86_64	SUSE LLC <https://www.suse.com/>	1777461650
python311	0	3.11.15	150600.3.65.1	x86_64	SUSE LLC <https://www.suse.com/>	1786956555
python311-base	0	3.11.15	150600.3.65.1	x86_64	SUSE LLC <https://www.suse.com/>	1786956463
rpm-config-SUSE	0	1	150400.14.3.1	noarch	SUSE LLC <https://www.suse.com/>	1658129698
rpm-ndb	0	4.14.3	150400.59.19.1	x86_64	SUSE LLC <https://www.suse.com/>	1786024573
rsync	0	3.2.7	150600.3.24.1	x86_64	SUSE LLC <https://www.suse.com/>	1786613870
runc	0	1.3.6	150000.103.1	x86_64	SUSE LLC <https://www.suse.com/>	1787075111
sed	0	4.9	150600.3.3.1	x86_64	SUSE LLC <https://www.suse.com/>	1776868374
shadow	0	4.17.2	150600.17.21.1	x86_64	SUSE LLC <https://www.suse.com/>	1784117751
shared-mime-info	0	2.4	150600.3.3.2	x86_64	SUSE LLC <https://www.suse.com/>	1733214119
skelcd-EULA-bci	0	20250430	150700.1.1	x86_64	SUSE LLC <https://www.suse.com/>	1746053765
sle-module-basesystem-release	0	15.7	150700.28.1	x86_64	SUSE LLC <https://www.suse.com/>	1746789294
sle-module-python3-release	0	15.7	150700.28.1	x86_64	SUSE LLC <https://www.suse.com/>	1746789292
sle-module-server-applications-release	0	15.7	150700.28.1	x86_64	SUSE LLC <https://www.suse.com/>	1746789284
sles-release	0	15.7	150700.67.6.1	x86_64	SUSE LLC <https://www.suse.com/>	1770891197
squashfs	0	4.6.1	150300.3.3.1	x86_64	SUSE LLC <https://www.suse.com/>	1698416498
suse-build-key	0	12.0	150000.8.64.1	noarch	SUSE LLC <https://www.suse.com/>	1773936624
suse-module-tools	0	15.7.10	150700.3.11.1	x86_64	SUSE LLC <https://www.suse.com/>	1770214865
system-group-hardware	0	20170617	150400.24.2.1	noarch	SUSE LLC <https://www.suse.com/>	1701694889
system-group-kvm	0	20170617	150400.24.2.1	noarch	SUSE LLC <https://www.suse.com/>	1701694889
system-user-nobody	0	20170617	150400.24.2.1	noarch	SUSE LLC <https://www.suse.com/>	1701694889
system-user-root	0	20190513	3.3.1	noarch	SUSE LLC <https://www.suse.com/>	1558360055
systemd	0	254.27	150600.4.71.2	x86_64	SUSE LLC <https://www.suse.com/>	1783108570
systemd-default-settings	0	0.10	150300.3.7.1	noarch	SUSE LLC <https://www.suse.com/>	1712760380
systemd-default-settings-branding-SLE	0	0.10	150300.3.7.1	noarch	SUSE LLC <https://www.suse.com/>	1712760380
systemd-presets-branding-SLE	0	15.1	150600.35.3.1	noarch	SUSE LLC <https://www.suse.com/>	1756131035
systemd-presets-common-SUSE	0	15	150600.25.2	noarch	SUSE LLC <https://www.suse.com/>	1709927935
systemd-rpm-macros	0	16	150000.7.42.1	noarch	SUSE LLC <https://www.suse.com/>	1752126632
sysuser-shadow	0	3.2	150400.3.5.3	noarch	SUSE LLC <https://www.suse.com/>	1693931483
tar	0	1.34	150000.3.42.1	x86_64	SUSE LLC <https://www.suse.com/>	1782397678
terminfo-base	0	6.1	150000.5.33.1	x86_64	SUSE LLC <https://www.suse.com/>	1776346499
thin-provisioning-tools	0	0.7.5	3.3.1	x86_64	SUSE LLC <https://www.suse.com/>	1623305700
timezone	0	2026c	150600.91.12.1	x86_64	SUSE LLC <https://www.suse.com/>	1785823986
udev	0	254.27	150600.4.71.2	x86_64	SUSE LLC <https://www.suse.com/>	1783108570
unzip	0	6.00	150000.4.14.1	x86_64	SUSE LLC <https://www.suse.com/>	1724742117
update-alternatives	0	1.19.0.4	150000.4.7.1	x86_64	SUSE LLC <https://www.suse.com/>	1752676177
util-linux	0	2.40.4	150700.4.18.1	x86_64	SUSE LLC <https://www.suse.com/>	1787159150
wget	0	1.24.5	150700.3.9.1	x86_64	SUSE LLC <https://www.suse.com/>	1787150998
which	0	2.21	2.20	x86_64	SUSE LLC <https://www.suse.com/>	1527267996
xorriso	0	1.5.6	150600.1.6	x86_64	SUSE LLC <https://www.suse.com/>	1715244855
xtables-plugins	0	1.8.7	1.1	x86_64	SUSE LLC <https://www.suse.com/>	1617957150
xz	0	5.4.1	150600.3.6.1	x86_64	SUSE LLC <https://www.suse.com/>	1779174877
zstd	0	1.5.7	150700.1.2	x86_64	SUSE LLC <https://www.suse.com/>	1745850889
zypper	0	1.14.98	150700.13.6.1	x86_64	SUSE LLC <https://www.suse.com/>	1781519936
