Dockerfile.dapper	5481	bc735cdada2009f0b0d5ae1460492438c8a9428c6ea7652e997158f68124559f
provenance/layersentry-v1.0-syft-tool.json	800	2b980ef7cf2185b791e9d2be727caa49bec296e6e42f9ade62371d4ca76197cd
scripts/test	1000	c3d78a8114cd5abcca5cbd071448e2b975feaa2cfa305a2205eda3582489317d
scripts/provenance/collect_builder_toolchain_evidence.sh	14367	ba050349f0fe8678c932b89df59094a0f5c9fa7f0e0af1f072939f625537e1d0
scripts/provenance/locked_builder_entrypoint.sh	2269	ab86bfd047dc9a88d238a3830ba5ed96539c6983e7b984b1b392564ecb7e32b3
scripts/provenance/run_locked_builder.sh	3773	f2b6a188f5465fde9c9a033939d19dda6abce60a7e540f0fd7cf60cd8b3293e5
scripts/provenance/review_builder_toolchain.py	13772	38a277f8a96eea71312625472416e2e52bb5b9acf36b9277f3a68bf746af1b9a
scripts/provenance/verify_builder_binding.py	14003	b2ed87d5416ab35a3578f0d949cc973d515b9fd3c85cd0a03eb20ed05cb5f77e
scripts/provenance/verify_lock.py	26492	5a06955d14f8cb9d3b56e6ce51127e87b1ff2580df008b4adcdc32c4a0933da8
scripts/provenance/verify_staged_syft.py	5370	09f8110cab546d0cbd0b8d8013b05bf5a7b6edaa775f173f3ddc5e81605301e4
tests/test_builder_toolchain_lock.py	5804	7817aa6d686d88d816dc59e4910612a36bcae29e345a28691b107bbf57494704
.github/workflows/layersentry-v1.0-builder-toolchain-lock.yml	13958	1fbcf4eab02c58e28c07b9e5063abc2a9b04aef6efd759f57a0de88b96b2b73d
.github/workflows/layersentry-v1.0-full-offline-iso.yml	7440	b65dfabafacd955b1dd52fe99314b7267361e17743b3c50a4a2f9f0d69493ee6
